y_true,y_pred,error
2035,1970.0369,64.963134765625
2346,1968.2643,377.7357177734375
1796,1943.4603,-147.4603271484375
2769,2353.5645,415.435546875
2490,2396.6213,93.378662109375
1987,2040.4148,-53.414794921875
1975,1901.8456,73.1544189453125
2170,1970.5721,199.4278564453125
1740,1953.7637,-213.763671875
1714,1963.0193,-249.019287109375
4113,3101.3528,1011.647216796875
3949,3686.6646,262.33544921875
3720,3354.8557,365.144287109375
3292,3310.0188,-18.018798828125
3693,3236.2764,456.7236328125
3478,3376.4358,101.564208984375
3455,3449.7126,5.287353515625
4167,4183.0776,-16.07763671875
3392,4235.097,-843.09716796875
5892,6099.303,-207.30322265625
5991,5902.8335,88.16650390625
6002,5591.055,410.94482421875
5712,5001.339,710.6611328125
6781,5871.7466,909.25341796875
8114,7078.588,1035.412109375
7497,7720.153,-223.15283203125
6389,6633.0063,-244.00634765625
3719,4400.719,-681.71923828125
3918,3331.4395,586.560546875
3800,3617.1924,182.8076171875
3907,2975.454,931.5458984375
4384,4042.185,341.81494140625
4844,3703.3096,1140.6904296875
3419,3844.352,-425.35205078125
3014,3441.8337,-427.833740234375
3486,3226.672,259.327880859375
3660,3273.9744,386.025634765625
3362,3289.941,72.05908203125
4310,3578.0747,731.92529296875
3835,3514.5867,320.413330078125
3625,3160.1504,464.849609375
3826,3333.3142,492.685791015625
3709,3303.772,405.22802734375
3417,3177.638,239.362060546875
3930,3200.9995,729.00048828125
3736,3866.5793,-130.579345703125
3989,3781.6472,207.352783203125
3205,3271.5774,-66.577392578125
4063,3206.4915,856.508544921875
3692,3352.0469,339.953125
6108,6051.7363,56.263671875
5498,5799.992,-301.9921875
7274,6819.7896,454.21044921875
7906,6317.0513,1588.94873046875
6566,5774.759,791.2412109375
6575,5680.0894,894.91064453125
5990,6058.7134,-68.71337890625
6871,5902.6294,968.37060546875
3805,4521.788,-716.7880859375
4191,3996.413,194.5869140625
3958,4115.2676,-157.267578125
4018,2694.864,1323.135986328125
2967,3287.5935,-320.593505859375
3485,3131.93,353.070068359375
3466,2889.2495,576.75048828125
3912,3150.4426,761.557373046875
4209,3800.857,408.14306640625
4096,3504.414,591.5859375
3432,3003.135,428.864990234375
3499,3186.228,312.77197265625
3483,3134.6013,348.398681640625
3605,3084.9246,520.075439453125
3373,3829.1135,-456.113525390625
4214,4614.6094,-400.609375
3499,4503.236,-1004.23583984375
3437,3720.8108,-283.810791015625
3879,3783.531,95.468994140625
3661,3708.9487,-47.94873046875
3625,3851.8098,-226.809814453125
2825,3652.6978,-827.69775390625
4182,4273.5356,-91.53564453125
4626,4347.653,278.34716796875
4135,3873.0298,261.97021484375
3161,3672.614,-511.614013671875
3251,3627.3735,-376.37353515625
3592,3640.8098,-48.809814453125
3632,3651.2227,-19.22265625
3788,4165.6587,-377.65869140625
3873,4170.9326,-297.9326171875
3088,3313.9192,-225.919189453125
3994,3464.887,529.113037109375
3011,3426.3481,-415.34814453125
3286,3334.2666,-48.2666015625
3627,3399.561,227.43896484375
3919,3934.4297,-15.4296875
3718,3940.5435,-222.54345703125
4137,3556.6165,580.383544921875
3660,3556.3486,103.6513671875
3368,3392.6726,-24.672607421875
3444,3481.0737,-37.07373046875
3443,3544.9204,-101.92041015625
3883,4143.8994,-260.8994140625
7416,5724.5186,1691.4814453125
5859,5935.482,-76.48193359375
5270,4786.9336,483.06640625
6325,5372.607,952.39306640625
5910,5523.405,386.59521484375
5693,5977.142,-284.14208984375
8038,7363.3306,674.66943359375
7627,8562.853,-935.8525390625
6208,7327.6924,-1119.6923828125
10228,10152.954,75.0458984375
11798,10189.862,1608.1376953125
11010,10908.282,101.7177734375
9645,11006.6455,-1361.6455078125
12853,11940.988,912.01171875
13529,12518.58,1010.419921875
8780,10618.042,-1838.0419921875
10184,10775.056,-591.0556640625
10280,9620.791,659.208984375
6324,7816.6455,-1492.6455078125
5855,5857.567,-2.56689453125
7313,6402.6343,910.36572265625
6547,6534.014,12.98583984375
6313,5429.936,883.06396484375
5964,5476.7515,487.24853515625
5318,5803.1504,-485.150390625
6409,6053.779,355.22119140625
5154,5947.0005,-793.00048828125
7915,6887.583,1027.4169921875
7757,6200.4453,1556.5546875
6023,5367.017,655.98291015625
6260,5496.1284,763.87158203125
5222,6437.3667,-1215.36669921875
6216,5984.7275,231.2724609375
6185,6309.2944,-124.29443359375
6941,7018.304,-77.30419921875
7520,7389.128,130.8720703125
6540,6925.095,-385.09521484375
6630,6868.2583,-238.25830078125
5841,6587.2876,-746.28759765625
6703,6747.584,-44.583984375
5318,6734.336,-1416.3359375
7012,7484.1465,-472.146484375
6353,7578.7407,-1225.74072265625
5504,5504.235,-0.23486328125
5423,5596.0996,-173.099609375
5417,5752.2026,-335.20263671875
6503,5560.538,942.4619140625
5855,5988.5347,-133.53466796875
7232,6915.8687,316.13134765625
7397,6984.8457,412.154296875
5257,5808.08,-551.080078125
6347,5708.9194,638.08056640625
5590,5785.449,-195.44921875
6272,5539.8267,732.17333984375
5034,6012.209,-978.208984375
6613,6664.7065,-51.70654296875
6578,6478.485,99.51513671875
6575,5664.918,910.08203125
6307,6021.951,285.048828125
6077,6026.6436,50.3564453125
6223,5915.835,307.1650390625
5786,5711.4624,74.53759765625
7322,7186.589,135.4111328125
7576,8520.671,-944.6708984375
5124,7390.859,-2266.85888671875
7068,5969.212,1098.7880859375
5847,6903.293,-1056.29296875
5769,6154.0884,-385.08837890625
5576,5928.1753,-352.17529296875
7001,6980.973,20.02685546875
6917,6899.1025,17.8974609375
5706,6305.506,-599.505859375
6229,5432.95,796.0498046875
5203,5719.7944,-516.79443359375
6379,5842.715,536.28515625
6081,5919.1885,161.8115234375
7819,7102.3604,716.6396484375
7867,8138.831,-271.8310546875
6142,5637.6255,504.37451171875
5171,5838.4097,-667.40966796875
5705,5802.7153,-97.71533203125
6359,5852.495,506.5048828125
5302,5678.001,-376.0009765625
6041,6289.559,-248.55908203125
6662,6254.727,407.27294921875
5618,5831.9287,-213.9287109375
4762,5770.502,-1008.501953125
6887,5438.5747,1448.42529296875
5878,5687.141,190.85888671875
6368,5839.168,528.83203125
8149,6741.2812,1407.71875
8048,5822.5654,2225.4345703125
5412,7502.2617,-2090.26171875
6260,6195.7046,64.29541015625
5018,5919.9346,-901.9345703125
5098,6305.3325,-1207.33251953125
6633,6081.3105,551.689453125
7890,7348.1206,541.87939453125
6347,7279.407,-932.4072265625
5292,5539.146,-247.14599609375
5650,5582.028,67.97216796875
9295,9955.329,-660.3291015625
12066,10133.579,1932.4208984375
10218,10968.196,-750.1962890625
12169,11268.689,900.310546875
11619,11997.395,-378.39453125
9734,10734.614,-1000.6142578125
11326,9832.324,1493.67578125
10441,10194.718,246.2822265625
11111,9592.838,1518.162109375
11204,9824.423,1379.5771484375
10971,9453.517,1517.4833984375
7266,8568.398,-1302.3984375
6257,7551.3716,-1294.37158203125
5173,5067.9326,105.0673828125
6374,5215.031,1158.96923828125
6126,5273.417,852.5830078125
5410,5835.4365,-425.4365234375
6849,6540.5527,308.447265625
6937,6161.7666,775.2333984375
6626,5856.6655,769.33447265625
6146,5469.151,676.84912109375
5812,5889.356,-77.35595703125
5496,5812.6465,-316.646484375
6261,5894.2373,366.7626953125
6797,7227.156,-430.15576171875
7540,7927.2676,-387.267578125
6698,7356.624,-658.6240234375
6192,6796.3276,-604.32763671875
6082,6339.179,-257.17919921875
6300,6394.2783,-94.2783203125
5734,6306.3354,-572.33544921875
6760,7155.1777,-395.177734375
7744,7547.214,196.7861328125
6429,7406.531,-977.53076171875
5628,7147.8745,-1519.87451171875
6254,6550.014,-296.01416015625
5096,6001.0127,-905.0126953125
6023,6003.5503,19.44970703125
6414,7281.3257,-867.32568359375
6833,6739.8857,93.1142578125
5138,5269.2134,-131.21337890625
6467,5786.112,680.88818359375
5814,5664.269,149.73095703125
6765,5557.1772,1207.82275390625
6453,5717.413,735.5869140625
6394,6821.006,-427.005859375
7304,6535.3857,768.6142578125
5788,5813.1553,-25.1552734375
6023,5648.79,374.2099609375
5167,5804.213,-637.212890625
6115,5758.0586,356.94140625
6038,5536.472,501.52783203125
6069,6906.102,-837.10205078125
6410,6719.0366,-309.03662109375
6190,5529.6953,660.3046875
5955,5566.0977,388.90234375
5648,5726.5605,-78.560546875
6400,5789.165,610.8349609375
5849,5842.2373,6.7626953125
5875,7080.3975,-1205.3974609375
12858,10033.6875,2824.3125
8985,10350.409,-1365.4091796875
11752,10036.653,1715.3466796875
11303,10308.141,994.859375
11827,10654.058,1172.9423828125
10596,10210.287,385.712890625
13211,11192.157,2018.8427734375
12115,10055.168,2059.83203125
5810,7791.817,-1981.81689453125
5361,6296.339,-935.3388671875
6220,6578.1685,-358.16845703125
6444,5587.412,856.587890625
6052,5590.7954,461.20458984375
6789,6511.413,277.5869140625
6869,6023.016,845.98388671875
5691,5994.9004,-303.900390625
6561,5504.53,1056.47021484375
6267,5986.6763,280.32373046875
5043,5615.6787,-572.6787109375
6005,5927.0474,77.95263671875
7473,6755.8726,717.12744140625
7502,6870.9697,631.0302734375
2299,5117.963,-2818.962890625
2061,2427.905,-366.905029296875
1569,1704.0287,-135.0286865234375
1883,1532.2025,350.7974853515625
1852,1790.309,61.6910400390625
2221,2111.9448,109.05517578125
2633,2327.284,305.716064453125
1971,1921.2058,49.794189453125
1795,1950.6394,-155.639404296875
2285,1834.3776,450.6224365234375
1734,1941.2014,-207.201416015625
2093,1852.5084,240.4915771484375
2573,2259.5176,313.482421875
2480,2397.9753,82.024658203125
1790,1938.5474,-148.54736328125
1697,1897.7817,-200.78173828125
1940,1901.2891,38.7109375
2043,1851.9738,191.0262451171875
1910,1923.4142,-13.4141845703125
1731,2153.8071,-422.80712890625
2109,2284.165,-175.1650390625
1942,1729.2163,212.78369140625
2073,1792.3495,280.6505126953125
1733,1851.19,-118.18994140625
2014,1856.8231,157.1768798828125
2090,1845.648,244.35205078125
2619,2263.7537,355.246337890625
2148,2296.9521,-148.9521484375
1893,1832.02,60.97998046875
1781,1822.8558,-41.8558349609375
1926,1850.1025,75.8974609375
1713,1981.4698,-268.4698486328125
2231,2035.7928,195.2071533203125
2047,2250.547,-203.547119140625
2324,2274.9631,49.036865234375
2189,1841.9966,347.00341796875
2107,1909.6063,197.3936767578125
1844,1935.3416,-91.341552734375
1927,1956.174,-29.1739501953125
2090,1930.3804,159.61962890625
2550,2564.443,-14.443115234375
2914,2222.2024,691.797607421875
2072,1927.2944,144.70556640625
1640,1976.7179,-336.7178955078125
2171,1875.8499,295.150146484375
2187,1996.928,190.072021484375
2144,2052.4995,91.50048828125
2036,2141.798,-105.798095703125
2005,2247.1772,-242.17724609375
1825,1881.4349,-56.4349365234375
1923,1903.9661,19.033935546875
1770,1886.0458,-116.0457763671875
2214,1884.1396,329.8603515625
2040,1907.4506,132.5494384765625
2060,2197.4856,-137.485595703125
2659,2242.8381,416.161865234375
2107,1947.5211,159.4788818359375
2161,1996.367,164.633056640625
1818,1969.4318,-151.4317626953125
1691,1915.0294,-224.0294189453125
2197,1946.8176,250.182373046875
2323,2547.886,-224.885986328125
2263,2239.2769,23.72314453125
2094,1841.684,252.3160400390625
1921,1866.6497,54.350341796875
1632,1894.3928,-262.392822265625
2339,1889.1292,449.870849609375
2428,2062.9226,365.077392578125
2213,2612.1392,-399.13916015625
2407,2413.214,-6.214111328125
1774,1959.9481,-185.9481201171875
2024,1928.0796,95.92041015625
1855,1987.626,-132.6259765625
2005,1990.5991,14.40087890625
2109,1920.9717,188.0283203125
2023,2351.8972,-328.897216796875
2750,2273.0354,476.964599609375
2038,2046.4874,-8.4874267578125
2089,1942.4457,146.5543212890625
1869,1974.4122,-105.4122314453125
2337,2031.1646,305.83544921875
2113,2066.092,46.907958984375
2652,2316.7085,335.29150390625
2669,2249.1958,419.80419921875
1791,2013.4523,-222.4522705078125
1907,1969.9463,-62.9462890625
1646,1955.7205,-309.720458984375
1758,1806.1389,-48.138916015625
2562,2022.5305,539.469482421875
2235,2433.9604,-198.96044921875
2235,2243.162,-8.162109375
3583,2668.25,914.75
3184,2951.501,232.4990234375
3421,3239.4739,181.526123046875
3826,3315.6006,510.3994140625
3142,3192.0017,-50.001708984375
4469,4111.17,357.830078125
3854,4271.489,-417.48876953125
3446,3539.1782,-93.17822265625
3300,3609.9883,-309.98828125
6969,6181.4805,787.51953125
6648,6289.464,358.5361328125
5916,5908.473,7.52685546875
7767,6542.5684,1224.431640625
7292,6909.016,382.98388671875
6751,6300.6743,450.32568359375
5632,6204.601,-572.60107421875
6620,6087.3486,532.6513671875
3854,5098.472,-1244.47216796875
3453,3502.3044,-49.304443359375
3776,3516.5444,259.45556640625
4306,3636.4832,669.516845703125
3221,3191.9553,29.044677734375
3001,3278.5435,-277.54345703125
3311,3254.4243,56.57568359375
3984,3345.4255,638.574462890625
3553,3408.4626,144.537353515625
4078,3930.2815,147.718505859375
4056,3590.76,465.239990234375
3192,2997.9338,194.066162109375
3861,3338.078,522.922119140625
3398,3241.2954,156.70458984375
3759,3117.7341,641.265869140625
3583,3300.7544,282.24560546875
4737,3779.5745,957.425537109375
4691,4224.3545,466.6455078125
3370,3711.6248,-341.624755859375
3720,3260.5962,459.40380859375
2991,3251.5093,-260.50927734375
2940,3171.1772,-231.17724609375
3949,3431.608,517.39208984375
7782,7523.6553,258.3447265625
6809,6809.4146,-0.41455078125
7674,5902.002,1771.998046875
7043,6222.2256,820.7744140625
7076,6135.6143,940.3857421875
5691,6119.378,-428.3779296875
5985,5977.9326,7.0673828125
8846,6263.197,2582.80322265625
4003,6386.669,-2383.6689453125
3924,3278.696,645.303955078125
3835,3069.6938,765.30615234375
3840,3113.97,726.030029296875
3614,3173.8545,440.1455078125
3702,3272.5466,429.453369140625
4882,3534.7087,1347.291259765625
4228,4204.162,23.837890625
4243,3519.8125,723.1875
3056,3486.0051,-430.005126953125
3877,3214.8481,662.15185546875
3277,3264.494,12.506103515625
3336,3295.0178,40.982177734375
4098,3843.2603,254.73974609375
4580,4632.546,-52.5458984375
3790,4040.7954,-250.79541015625
3650,3833.848,-183.847900390625
3350,3649.8557,-299.855712890625
3069,3762.925,-693.925048828125
3836,3798.208,37.7919921875
4520,4576.162,-56.162109375
3974,4727.365,-753.365234375
3099,3685.7012,-586.701171875
3504,3903.0498,-399.0498046875
3730,3488.6309,241.369140625
3121,3472.993,-351.992919921875
3956,3672.714,283.285888671875
4269,4502.298,-233.2978515625
3706,4165.8296,-459.82958984375
3839,3530.2795,308.720458984375
3851,3643.2756,207.724365234375
3222,3584.13,-362.1298828125
3562,3456.79,105.2099609375
3016,3399.6501,-383.650146484375
4009,4032.1191,-23.119140625
3722,4086.3762,-364.376220703125
4171,3461.8564,709.1435546875
4250,3567.8347,682.165283203125
3797,3629.1858,167.814208984375
3618,3479.1436,138.8564453125
3123,3582.3496,-459.349609375
4313,4247.2773,65.72265625
5103,4434.3657,668.63427734375
3912,4272.542,-360.5419921875
5434,4410.9634,1023.03662109375
5466,4824.5186,641.4814453125
5818,5094.79,723.2099609375
5863,5462.2656,400.734375
6721,6388.8564,332.1435546875
6780,6243.882,536.1181640625
5385,5959.434,-574.43408203125
6146,5787.9126,358.08740234375
5765,6129.305,-364.30517578125
10105,10294.25,-189.25
11152,10026.494,1125.505859375
14023,12280.666,1742.333984375
12740,11884.847,855.1533203125
11722,9909.004,1812.99609375
11059,10760.723,298.27734375
10615,11009.433,-394.4326171875
12002,11111.352,890.6484375
10935,9842.672,1092.328125
7396,9459.853,-2063.8525390625
6525,8358.013,-1833.0126953125
5174,5856.931,-682.93115234375
6210,5552.941,657.05908203125
6872,5796.4355,1075.564453125
6032,5410.3506,621.6494140625
6778,5653.3643,1124.6357421875
7477,6467.695,1009.30517578125
7460,6408.052,1051.9482421875
5679,5866.813,-187.81298828125
5648,6060.972,-412.97216796875
5327,5980.25,-653.25
5588,6042.0015,-454.00146484375
1081,1126.4633,-45.4632568359375
1176,1138.239,37.760986328125
1006,1171.1124,-165.1124267578125
1336,1406.9088,-70.9088134765625
1646,1408.534,237.4659423828125
962,1173.6835,-211.6834716796875
1123,1200.5658,-77.5657958984375
979,1138.2657,-159.2657470703125
879,1075.4991,-196.4991455078125
1271,1143.8315,127.16845703125
2721,1913.939,807.06103515625
2617,2309.4546,307.54541015625
1814,2066.3103,-252.310302734375
2160,2050.9685,109.031494140625
2371,2073.3445,297.655517578125
2262,2265.2063,-3.206298828125
1733,2259.7039,-526.703857421875
2171,2628.8545,-457.8544921875
2545,2468.7856,76.21435546875
1898,2190.8596,-292.859619140625
1937,2073.3962,-136.396240234375
1840,1974.9688,-134.96875
2058,1961.8651,96.1348876953125
2112,1940.6667,171.333251953125
2102,2371.4521,-269.4521484375
2405,2396.7273,8.272705078125
2112,1908.3187,203.6812744140625
2305,1994.9033,310.0966796875
2123,2127.0596,-4.0595703125
2143,2103.609,39.39111328125
2306,2109.8726,196.12744140625
2739,2596.327,142.673095703125
2123,2518.1604,-395.160400390625
2065,2087.6995,-22.699462890625
1886,2133.9717,-247.9716796875
2016,2114.819,-98.819091796875
2069,2133.9614,-64.96142578125
2098,2073.0679,24.93212890625
2649,2442.1128,206.88720703125
2356,2555.56,-199.56005859375
2263,2102.1594,160.840576171875
2071,2423.8613,-352.861328125
2389,2318.7432,70.2568359375
2119,2295.2102,-176.210205078125
2118,2275.503,-157.5029296875
2201,2613.314,-412.31396484375
2748,2474.7556,273.244384765625
2170,2211.1545,-41.154541015625
1932,2155.45,-223.449951171875
2035,2208.4482,-173.4482421875
3753,3918.6375,-165.637451171875
4083,3809.9734,273.026611328125
4999,4153.9365,845.0634765625
4968,4449.262,518.73779296875
4126,4390.058,-264.05810546875
3686,4083.1191,-397.119140625
4186,3755.2222,430.77783203125
3984,3904.377,79.623046875
2079,2758.5452,-679.545166015625
2701,2607.5007,93.499267578125
2709,3096.2034,-387.203369140625
2018,2413.8472,-395.84716796875
2237,2140.3335,96.66650390625
2108,2043.832,64.16796875
1924,2051.6436,-127.6435546875
1984,2178.4502,-194.4501953125
2742,2554.5496,187.450439453125
2201,2541.7976,-340.797607421875
2104,2056.185,47.81494140625
2056,2115.7058,-59.705810546875
2299,2167.3699,131.630126953125
2084,2042.2108,41.7891845703125
1951,2231.8398,-280.83984375
2436,2791.8245,-355.824462890625
2644,2358.841,285.158935546875
1812,2199.0068,-387.0068359375
2126,2235.942,-109.94189453125
2122,2180.93,-58.929931640625
1984,2079.2993,-95.29931640625
2172,2205.5828,-33.582763671875
2617,2532.8457,84.154296875
2181,2631.8162,-450.816162109375
2348,2167.4514,180.548583984375
2442,2134.9377,307.062255859375
1953,2203.8977,-250.897705078125
2332,2174.1602,157.83984375
2413,2228.4126,184.58740234375
2403,2589.7495,-186.74951171875
2630,2688.7163,-58.71630859375
1689,2112.464,-423.464111328125
1558,2095.3364,-537.33642578125
1689,1865.686,-176.68603515625
1880,2003.3772,-123.377197265625
2053,1978.8303,74.169677734375
2650,2347.5383,302.461669921875
2410,2301.0112,108.98876953125
1915,2008.1799,-93.179931640625
1693,1981.2548,-288.2547607421875
2129,1951.3821,177.617919921875
2172,2104.9802,67.019775390625
1747,2009.527,-262.5269775390625
2505,2207.977,297.02294921875
4534,3464.2827,1069.71728515625
3491,3394.0413,96.958740234375
3111,3402.4243,-291.42431640625
3269,3343.9724,-74.972412109375
3357,3277.0544,79.945556640625
3970,3543.979,426.02099609375
3638,4494.431,-856.43115234375
4427,4094.2388,332.76123046875
3650,3544.6628,105.337158203125
6928,6166.532,761.4677734375
5504,6151.131,-647.130859375
6600,6043.1733,556.82666015625
5565,6525.645,-960.64501953125
8422,7044.878,1377.1220703125
8535,8464.223,70.77734375
6127,6809.941,-682.94091796875
6753,5798.944,954.05615234375
6151,5805.8384,345.16162109375
3132,4131.2383,-999.23828125
3981,3568.524,412.47607421875
4656,4581.4443,74.5556640625
4593,4772.3193,-179.3193359375
3075,3874.9995,-799.99951171875
3532,3340.5144,191.485595703125
3149,3430.35,-281.35009765625
3982,3583.018,398.98193359375
3439,3516.0127,-77.0126953125
3639,4144.851,-505.85107421875
5016,4100.796,915.2041015625
3808,3932.1648,-124.164794921875
3446,3657.1497,-211.149658203125
3820,3814.2239,5.776123046875
3972,3735.222,236.778076171875
3286,3764.3296,-478.32958984375
4011,4455.2505,-444.25048828125
4354,4379.3247,-25.32470703125
3830,3610.4702,219.52978515625
3213,3687.6838,-474.683837890625
3672,3514.8635,157.136474609375
3373,3539.8188,-166.81884765625
3238,3631.0837,-393.083740234375
4415,4230.0684,184.931640625
3939,4195.4326,-256.4326171875
3157,3426.7085,-269.70849609375
3980,3510.9941,469.005859375
3004,3381.6936,-377.693603515625
3577,3563.7996,13.200439453125
3267,3346.752,-79.751953125
4009,4006.3728,2.627197265625
4239,4103.415,135.5849609375
3778,3515.8372,262.162841796875
3807,3561.6326,245.367431640625
3898,3543.5063,354.49365234375
3990,3622.87,367.1298828125
3081,3521.7854,-440.785400390625
4736,4313.9624,422.03759765625
4292,4442.6064,-150.6064453125
3840,3733.0667,106.933349609375
3488,3807.5632,-319.563232421875
3861,3607.2024,253.797607421875
3301,3703.8274,-402.827392578125
3845,3857.0632,-12.063232421875
4293,4423.078,-130.078125
4230,4326.1357,-96.1357421875
3462,3528.7407,-66.74072265625
3091,3578.3281,-487.328125
3660,3639.643,20.35693359375
3270,3426.8752,-156.875244140625
2945,3464.9316,-519.931640625
4315,3987.9414,327.05859375
3635,3921.5583,-286.558349609375
3435,3223.0303,211.9697265625
3308,3394.11,-86.110107421875
3633,3425.9985,207.00146484375
3409,3301.4805,107.51953125
4053,3706.7407,346.25927734375
4294,4137.0117,156.98828125
3886,4235.216,-349.2158203125
3402,3597.251,-195.2509765625
3352,3501.7751,-149.775146484375
3813,3612.2976,200.702392578125
3340,3606.3816,-266.381591796875
3110,3436.4072,-326.4072265625
4510,4011.7046,498.29541015625
4035,4163.967,-128.966796875
3884,3519.01,364.989990234375
3716,3509.044,206.9560546875
3501,3586.6565,-85.656494140625
3833,3563.1316,269.868408203125
3943,3804.0803,138.919677734375
4398,4253.533,144.466796875
4488,4766.5957,-278.595703125
3735,3807.4272,-72.42724609375
3517,3645.5178,-128.517822265625
3970,3712.3435,257.656494140625
3806,3813.7307,-7.730712890625
3231,3651.4685,-420.468505859375
4028,4275.3755,-247.37548828125
4447,4322.499,124.5009765625
3684,3693.688,-9.68798828125
3613,3558.5205,54.4794921875
3766,3397.7043,368.295654296875
4052,3567.621,484.37890625
2960,3500.0767,-540.07666015625
4023,4103.336,-80.3359375
4734,4322.487,411.51318359375
3138,3621.6914,-483.69140625
3035,3506.234,-471.23388671875
3155,3457.6975,-302.697509765625
3888,3416.7673,471.232666015625
3614,3588.5288,25.47119140625
4417,4103.1187,313.88134765625
4930,4151.071,778.92919921875
3775,3809.4785,-34.478515625
3617,3615.7341,1.265869140625
3717,3777.7432,-60.7431640625
4096,3806.0083,289.99169921875
3029,3801.795,-772.794921875
4594,4378.589,215.4111328125
4821,4421.0635,399.9365234375
3352,3829.5886,-477.588623046875
3733,3763.518,-30.51806640625
3257,3564.8464,-307.846435546875
3674,3531.5251,142.474853515625
3881,3739.7666,141.2333984375
4081,4350.7583,-269.75830078125
3725,4071.15,-346.14990234375
3696,3463.0305,232.969482421875
3523,3498.7947,24.205322265625
3533,3406.9026,126.097412109375
3694,3571.9446,122.055419921875
3199,3458.8528,-259.852783203125
8195,7225.4536,969.54638671875
6961,7500.084,-539.083984375
6332,6222.4697,109.5302734375
7149,6330.4985,818.50146484375
6899,6701.9165,197.08349609375
5486,6728.0176,-1242.017578125
6085,6382.0586,-297.05859375
8604,6569.4487,2034.55126953125
8112,7047.5137,1064.486328125
3385,4834.456,-1449.4560546875
3624,3642.7734,-18.7734375
3533,3899.4788,-366.478759765625
3176,4009.3962,-833.396240234375
3772,3614.888,157.112060546875
4496,4498.8735,-2.87353515625
4729,4156.805,572.19482421875
4042,3688.8733,353.126708984375
3495,3779.218,-284.218017578125
3092,3560.2341,-468.234130859375
3187,3654.8938,-467.893798828125
3338,3720.898,-382.89794921875
4756,4264.557,491.44287109375
4841,4296.566,544.43408203125
3333,3833.8477,-500.84765625
3474,3504.1882,-30.188232421875
4074,3707.9707,366.029296875
3700,3755.2363,-55.236328125
3671,3756.8032,-85.80322265625
3607,4350.849,-743.84912109375
6549,7792.689,-1243.68896484375
6940,6196.318,743.68212890625
5805,6257.831,-452.8310546875
7325,5289.2207,2035.779296875
5648,6804.4287,-1156.4287109375
6730,6217.585,512.4150390625
6671,7418.6455,-747.6455078125
6651,7070.0605,-419.060546875
3110,4733.8823,-1623.88232421875
4130,3415.9739,714.026123046875
3409,3682.557,-273.556884765625
3498,3595.768,-97.76806640625
3905,3797.771,107.22900390625
4367,4339.4526,27.54736328125
4368,4001.2585,366.741455078125
3705,3840.966,-135.966064453125
3617,3690.605,-73.60498046875
3269,3532.3293,-263.329345703125
3378,3537.9863,-159.986328125
4187,3732.625,454.375
3640,4198.435,-558.43505859375
3629,4100.968,-471.9677734375
1164,1361.1085,-197.1085205078125
1215,1215.6129,-0.6129150390625
1042,1009.693,32.3070068359375
1096,1141.9069,-45.9068603515625
1247,1144.3995,102.6004638671875
1236,1495.5612,-259.5611572265625
1717,1205.7559,511.244140625
1269,1174.1971,94.8028564453125
1210,1192.7701,17.2298583984375
1290,1175.2195,114.780517578125
1351,1222.5027,128.497314453125
1287,1242.3756,44.6243896484375
1377,1465.9257,-88.9256591796875
1514,1425.3496,88.650390625
882,1222.8007,-340.8006591796875
1125,1184.6357,-59.6357421875
1094,1205.5107,-111.5107421875
1194,1153.1365,40.863525390625
931,1149.7585,-218.758544921875
1335,1307.715,27.2850341796875
1472,1324.0322,147.9677734375
1166,1105.2509,60.7491455078125
1295,1158.4204,136.57958984375
1172,1130.3492,41.6507568359375
1187,1184.6199,2.380126953125
1364,1173.134,190.865966796875
1223,1446.515,-223.5150146484375
1461,1457.1615,3.8385009765625
1198,1199.2423,-1.2423095703125
1182,1188.3867,-6.38671875
1230,1203.185,26.81494140625
1140,1181.346,-41.345947265625
1021,1176.1064,-155.1064453125
1492,1413.2932,78.706787109375
1331,1401.0747,-70.07470703125
1415,1194.3105,220.689453125
1251,1183.7421,67.2579345703125
1394,1219.0513,174.94873046875
1189,1228.789,-39.7889404296875
1291,1261.28,29.719970703125
1244,1456.1359,-212.1358642578125
1149,1400.8262,-251.826171875
1167,1187.7285,-20.728515625
1057,1134.5292,-77.5291748046875
1351,1176.622,174.3780517578125
1174,1139.7257,34.2742919921875
1345,1191.4103,153.5897216796875
1343,1390.0448,-47.0447998046875
1458,1399.662,58.3380126953125
1160,1168.6266,-8.6265869140625
1314,1221.0996,92.900390625
1142,1220.659,-78.6590576171875
1304,1201.5779,102.422119140625
1140,1216.6877,-76.687744140625
1616,1499.6721,116.327880859375
1541,1468.7981,72.201904296875
1033,1218.248,-185.248046875
1300,1241.1061,58.8939208984375
1093,1211.6827,-118.6827392578125
1172,1228.3292,-56.3292236328125
1298,1215.9961,82.00390625
1276,1387.6466,-111.6466064453125
1196,1348.2019,-152.201904296875
1329,1170.4653,158.53466796875
1107,1155.2355,-48.2354736328125
1478,1175.1235,302.87646484375
1259,1208.1078,50.8922119140625
1192,1184.9789,7.0211181640625
1433,1442.8,-9.800048828125
1175,1420.3838,-245.3837890625
1255,1218.9021,36.097900390625
1082,1181.9287,-99.9287109375
1131,1153.7578,-22.7578125
1423,1184.6134,238.3865966796875
1178,1187.9282,-9.92822265625
1349,1425.592,-76.592041015625
1242,1378.6868,-136.686767578125
1228,1130.2864,97.713623046875
1248,1174.8254,73.174560546875
958,1128.9268,-170.9267578125
913,1121.3541,-208.3541259765625
1221,1115.3862,105.61376953125
1677,1407.998,269.001953125
1533,1407.1871,125.8128662109375
1100,1147.0101,-47.0101318359375
1150,1146.4343,3.565673828125
1033,1147.1152,-114.115234375
1172,1160.9141,11.0859375
1301,1203.3993,97.6007080078125
1223,1464.8538,-241.853759765625
1552,1389.3927,162.6072998046875
2422,1922.5085,499.491455078125
2304,2175.6829,128.317138671875
1899,2022.2013,-123.2012939453125
2311,2054.1682,256.831787109375
2067,2222.1853,-155.185302734375
3025,2672.8767,352.123291015625
2299,3061.195,-762.195068359375
2323,2088.075,234.925048828125
1980,2111.3542,-131.354248046875
2542,2204.1768,337.8232421875
2297,2300.2676,-3.267578125
2315,2263.743,51.257080078125
2288,2714.225,-426.22509765625
2671,2621.0,50.0
1822,2158.2048,-336.204833984375
1879,2144.5693,-265.5693359375
2296,2136.09,159.909912109375
2150,2090.4187,59.581298828125
1872,1958.5157,-86.5157470703125
2691,2574.3704,116.629638671875
2185,2443.4963,-258.496337890625
2271,2114.8523,156.147705078125
2387,2157.5037,229.496337890625
2317,2155.9395,161.060546875
2132,2085.4656,46.534423828125
1896,2122.7869,-226.786865234375
2934,2561.0461,372.953857421875
2336,2674.434,-338.43408203125
2164,2120.7727,43.227294921875
2071,2143.4978,-72.497802734375
2417,2156.9343,260.065673828125
2229,2301.313,-72.31298828125
2341,2469.0278,-128.02783203125
2319,2642.0994,-323.099365234375
2225,2525.9604,-300.96044921875
2296,2114.9058,181.09423828125
2004,2135.044,-131.0439453125
2356,2191.6921,164.307861328125
2508,2194.2466,313.75341796875
2067,2334.0876,-267.087646484375
4007,4020.8062,-13.80615234375
4950,4039.0437,910.956298828125
3889,4216.57,-327.56982421875
4126,3727.0457,398.954345703125
4303,4150.1978,152.80224609375
4500,4072.516,427.48388671875
3847,4319.131,-472.130859375
4856,4401.5703,454.4296875
2407,3374.1443,-967.144287109375
2289,2132.3967,156.603271484375
2355,2036.7623,318.2376708984375
2127,2223.0146,-96.0146484375
2316,2131.261,184.739013671875
1983,2114.2134,-131.21337890625
2319,2406.5225,-87.5224609375
2279,2539.112,-260.112060546875
2093,2089.8574,3.142578125
2107,2165.1802,-58.18017578125
2506,2080.7793,425.220703125
1914,2216.7524,-302.75244140625
2075,2187.359,-112.35888671875
2783,2518.145,264.85498046875
2382,2567.3987,-185.398681640625
2311,2180.552,130.447998046875
2434,2279.4133,154.586669921875
2165,2134.9429,30.05712890625
2269,2296.0063,-27.00634765625
2497,2311.5608,185.439208984375
2913,2877.1797,35.8203125
2668,3117.3958,-449.395751953125
2340,2489.623,-149.623046875
2273,2360.9373,-87.937255859375
2234,2284.3674,-50.367431640625
2448,2277.8223,170.177734375
2055,2380.7908,-325.790771484375
2349,2729.6804,-380.680419921875
2685,2779.9717,-94.9716796875
2104,2197.6968,-93.69677734375
2480,2205.6072,274.392822265625
2348,2241.4053,106.5947265625
2191,2191.4543,-0.454345703125
2075,2191.335,-116.3349609375
2336,2551.977,-215.97705078125
3100,2570.1182,529.8818359375
2343,2270.0005,72.99951171875
2287,2246.259,40.740966796875
2116,2137.9814,-21.9814453125
2069,2170.547,-101.547119140625
2347,2191.6055,155.39453125
2731,2856.6956,-125.695556640625
2515,2691.624,-176.6240234375
2073,2210.5505,-137.550537109375
3902,3267.2712,634.728759765625
3385,3429.671,-44.6708984375
3747,3479.4116,267.58837890625
3470,3583.465,-113.465087890625
4678,4044.585,633.4150390625
4570,4635.3066,-65.306640625
4116,4096.1543,19.845703125
4133,3830.8823,302.11767578125
4038,3723.6555,314.344482421875
5729,6619.944,-890.94384765625
6717,6169.831,547.1689453125
7678,7670.087,7.9130859375
7485,7997.9883,-512.98828125
6118,6383.723,-265.72314453125
6057,5841.769,215.23095703125
5588,6035.43,-447.43017578125
6845,6179.055,665.94482421875
6905,5974.747,930.2529296875
4452,5184.977,-732.97705078125
3877,4728.0664,-851.06640625
3049,3079.2664,-30.266357421875
3233,3356.7568,-123.7568359375
3301,3564.962,-263.9619140625
3867,3394.228,472.77197265625
3473,3392.9495,80.050537109375
4091,3897.8062,193.19384765625
4884,4007.2617,876.73828125
3252,3867.7388,-615.73876953125
2990,3575.8137,-585.813720703125
3049,3376.3945,-327.39453125
3427,3541.8728,-114.872802734375
1079,1321.2527,-242.252685546875
1296,1265.3499,30.650146484375
1438,1326.3433,111.65673828125
1567,1581.0908,-14.0908203125
1816,1643.3392,172.6607666015625
1356,1433.5388,-77.538818359375
1328,1301.1038,26.896240234375
1193,1371.4857,-178.4857177734375
1214,1329.6954,-115.6954345703125
1391,1327.4178,63.5821533203125
2566,2300.5664,265.43359375
2577,2361.8123,215.187744140625
2492,2199.6558,292.34423828125
2522,2328.4883,193.51171875
2487,2443.7231,43.27685546875
2391,2407.9329,-16.932861328125
2167,2447.7085,-280.70849609375
3005,2802.1028,202.897216796875
3048,3050.6968,-2.69677734375
2136,2372.9712,-236.97119140625
2143,2289.0444,-146.04443359375
2292,2193.411,98.589111328125
2078,2195.35,-117.35009765625
2295,2290.442,4.55810546875
3233,2916.358,316.64208984375
2388,2870.203,-482.202880859375
2595,2218.822,376.177978515625
1825,2252.2961,-427.296142578125
1995,2163.1953,-168.1953125
2107,2152.6245,-45.62451171875
2605,2199.2253,405.774658203125
2409,2706.0972,-297.09716796875
3072,2566.8806,505.119384765625
2602,2243.1687,358.831298828125
2361,2379.9353,-18.935302734375
2216,2311.595,-95.594970703125
2181,2206.7554,-25.75537109375
2297,2253.1006,43.8994140625
2910,2819.5918,90.408203125
2829,2696.988,132.011962890625
2201,2115.5125,85.487548828125
2241,2422.8723,-181.872314453125
2268,2338.598,-70.597900390625
2611,2434.9065,176.093505859375
2301,2536.6226,-235.62255859375
2734,2853.2578,-119.2578125
2825,3005.2715,-180.271484375
2310,2257.349,52.65087890625
2274,2297.8015,-23.801513671875
2195,2272.468,-77.468017578125
4272,4266.465,5.53515625
4507,3997.0664,509.93359375
5485,5003.3584,481.6416015625
5073,4646.2266,426.7734375
4210,4648.4707,-438.470703125
3742,3991.323,-249.322998046875
3904,3982.5645,-78.564453125
3391,3610.5085,-219.508544921875
2129,2720.9006,-591.900634765625
2851,2631.64,219.360107421875
3003,3215.8809,-212.880859375
2446,2423.9185,22.08154296875
2164,2449.314,-285.31396484375
2047,2231.9138,-184.913818359375
2397,2261.746,135.25390625
2616,2358.3625,257.637451171875
2996,2994.0034,1.99658203125
2872,2869.1265,2.87353515625
2299,2328.2957,-29.295654296875
1853,2192.964,-339.964111328125
2074,2263.647,-189.64697265625
2330,2319.547,10.452880859375
2100,2473.759,-373.759033203125
3105,2863.5513,241.44873046875
2518,2689.7163,-171.71630859375
2579,2263.6768,315.3232421875
2116,2382.5771,-266.5771484375
2460,2325.5251,134.474853515625
2422,2396.5447,25.455322265625
2246,2408.829,-162.8291015625
2788,2822.9336,-34.93359375
2765,2908.047,-143.047119140625
2504,2232.2036,271.79638671875
2202,2350.5967,-148.5966796875
2463,2298.9187,164.081298828125
1985,2279.0867,-294.086669921875
2083,2292.1724,-209.17236328125
2718,2839.2437,-121.24365234375
2863,2915.3777,-52.377685546875
2549,2261.6187,287.38134765625
1984,2248.766,-264.76611328125
2041,2137.8604,-96.8603515625
2370,2202.6753,167.32470703125
2434,2283.0388,150.961181640625
2760,2821.474,-61.47412109375
2690,2793.9226,-103.922607421875
2311,2271.7283,39.271728515625
2311,2273.6746,37.325439453125
1969,2211.1292,-242.129150390625
2395,2250.5989,144.401123046875
2078,2292.4421,-214.442138671875
2825,2709.8784,115.12158203125
4734,4013.1619,720.838134765625
3721,3492.886,228.114013671875
4016,3597.9966,418.00341796875
4045,3992.6272,52.372802734375
4087,3979.0947,107.9052734375
4066,3923.655,142.344970703125
5262,5037.1826,224.8173828125
4624,4793.341,-169.3408203125
3854,4023.357,-169.35693359375
6401,6710.978,-309.97802734375
7327,6514.183,812.81689453125
6524,7421.1987,-897.19873046875
6310,7092.13,-782.1298828125
8107,7287.545,819.455078125
8878,8673.69,204.3095703125
6290,7340.4233,-1050.42333984375
6669,5965.646,703.35400390625
6689,5789.634,899.3662109375
4060,5291.674,-1231.673828125
4006,4174.4907,-168.49072265625
4016,4869.155,-853.15478515625
4329,4847.257,-518.2568359375
3819,3931.2566,-112.256591796875
3842,3746.1511,95.848876953125
3465,3608.5098,-143.509765625
3377,3818.2722,-441.272216796875
4014,3676.9321,337.06787109375
5289,4596.9116,692.08837890625
4620,4680.733,-60.73291015625
3382,3816.1536,-434.153564453125
3495,3720.3154,-225.3154296875
4287,3721.02,565.97998046875
4040,3927.1511,112.848876953125
3983,4007.0706,-24.070556640625
3919,4633.5654,-714.5654296875
5135,4883.9756,251.0244140625
3719,4023.841,-304.841064453125
3388,3648.1074,-260.107421875
3836,3844.8997,-8.899658203125
3379,3768.2842,-389.2841796875
3335,3736.7664,-401.766357421875
4434,4411.6284,22.37158203125
5379,4408.2104,970.78955078125
3244,4090.824,-846.823974609375
3316,3734.8567,-418.856689453125
4023,3691.7776,331.222412109375
4207,3558.8298,648.170166015625
4305,3691.0813,613.918701171875
4675,4928.8076,-253.8076171875
4193,4608.613,-415.61279296875
3774,3791.6516,-17.651611328125
4392,3773.6128,618.38720703125
4388,3814.2715,573.728515625
4308,3874.6526,433.347412109375
3799,4005.689,-206.68896484375
5146,4799.1104,346.8896484375
4398,4831.7007,-433.70068359375
4400,4105.3525,294.6474609375
4113,3804.2664,308.733642578125
3489,3784.8933,-295.893310546875
3981,3817.5955,163.404541015625
4317,4087.4395,229.560546875
3961,4785.3755,-824.37548828125
4501,4725.5137,-224.513671875
3717,3781.5095,-64.509521484375
3300,3597.7217,-297.7216796875
4212,3819.2134,392.78662109375
3725,3594.3777,130.622314453125
3512,3544.2676,-32.267578125
4854,4614.74,239.259765625
4939,5051.8154,-112.8154296875
4026,3936.9856,89.014404296875
4112,3830.0583,281.941650390625
4153,3822.2085,330.79150390625
3559,3787.6506,-228.650634765625
4255,4012.279,242.720947265625
4709,4873.687,-164.68701171875
5243,4972.3237,270.67626953125
4143,4191.095,-48.09521484375
4597,3797.7446,799.25537109375
3810,3840.7373,-30.7373046875
4188,3879.8835,308.116455078125
4261,3765.2522,495.747802734375
5137,4898.2686,238.7314453125
4838,4825.483,12.51708984375
3624,3906.2727,-282.272705078125
4214,3941.4163,272.583740234375
4008,3878.5142,129.48583984375
3933,3926.4404,6.5595703125
3194,3897.3503,-703.350341796875
4515,4483.057,31.94287109375
4509,4639.789,-130.7890625
4138,3855.0137,282.986328125
4220,3699.798,520.201904296875
4403,3789.1335,613.866455078125
3534,3770.1118,-236.11181640625
3756,3885.6946,-129.694580078125
5177,4846.223,330.77685546875
4853,4987.8623,-134.8623046875
3899,4024.81,-125.81005859375
3926,3924.4377,1.562255859375
3751,3404.439,346.56103515625
3245,3707.4333,-462.433349609375
3494,3832.2573,-338.25732421875
4935,4663.156,271.84423828125
4553,4858.031,-305.03076171875
3992,3816.6016,175.3984375
3934,3775.285,158.715087890625
3638,3780.36,-142.360107421875
4060,3775.0754,284.924560546875
3633,3662.8088,-29.808837890625
4507,4545.0396,-38.03955078125
4414,4705.9956,-291.99560546875
3732,3890.94,-158.93994140625
3725,3642.5525,82.447509765625
4436,3773.5452,662.454833984375
4423,3796.3274,626.672607421875
3630,3999.8862,-369.88623046875
4479,4651.1416,-172.1416015625
4295,4688.5034,-393.50341796875
3993,3822.339,170.660888671875
4055,3801.0679,253.93212890625
4269,3701.7773,567.22265625
3710,3624.8813,85.11865234375
3737,3896.8877,-159.8876953125
4903,4621.9824,281.017578125
4120,4748.349,-628.34912109375
3872,3714.9805,157.01953125
4151,3738.758,412.241943359375
4448,3625.0242,822.975830078125
4099,3990.3408,108.6591796875
3866,3946.7925,-80.79248046875
5434,4841.639,592.36083984375
5047,5162.7866,-115.78662109375
3944,4288.694,-344.69384765625
3760,3930.205,-170.205078125
4557,3952.409,604.591064453125
3757,4116.611,-359.61083984375
4166,4133.0527,32.947265625
4926,4818.5703,107.4296875
5390,4802.971,587.02880859375
4009,3954.453,54.547119140625
4293,4037.1045,255.8955078125
4334,3766.0925,567.907470703125
4413,4019.704,393.2958984375
4436,4100.091,335.9091796875
4069,4887.855,-818.85498046875
5395,4640.7627,754.2373046875
4210,4178.306,31.69384765625
3560,3589.0159,-29.015869140625
3797,3822.5435,-25.54345703125
3915,3809.9695,105.030517578125
3468,3701.5796,-233.57958984375
5363,4809.3394,553.66064453125
4295,4760.188,-465.18798828125
4125,3789.006,335.993896484375
3533,3845.2305,-312.23046875
3656,3715.688,-59.68798828125
4522,3854.087,667.9130859375
3690,4087.5864,-397.58642578125
3949,4525.4336,-576.43359375
7574,7669.3545,-95.3544921875
6619,6626.2954,-7.29541015625
7710,6806.5693,903.4306640625
6191,6937.7754,-746.775390625
6330,5698.6094,631.390625
6433,6237.9287,195.0712890625
8995,7387.7026,1607.29736328125
9903,9474.863,428.13671875
3807,6365.0024,-2558.00244140625
3144,3652.3325,-508.33251953125
3723,3654.433,68.56689453125
3955,3699.8394,255.16064453125
4416,3817.4749,598.525146484375
4443,4655.2705,-212.2705078125
4524,4246.226,277.77392578125
3358,3869.8196,-511.819580078125
3552,3826.1536,-274.153564453125
3944,3758.3965,185.603515625
4102,3751.1267,350.873291015625
4308,3918.0095,389.990478515625
4445,4449.585,-4.5849609375
4346,4557.051,-211.05078125
1416,2064.1724,-648.17236328125
1336,1408.5961,-72.5960693359375
1451,1350.3495,100.6505126953125
1352,1329.561,22.43896484375
1458,1336.9425,121.0574951171875
1386,1751.7524,-365.75244140625
1355,1369.9974,-14.9974365234375
1483,1313.8457,169.154296875
1578,1389.8883,188.1116943359375
988,1297.5864,-309.58642578125
1193,1265.5989,-72.598876953125
1629,1294.284,334.7159423828125
1489,1561.358,-72.3580322265625
1769,1666.3854,102.6146240234375
1176,1298.3795,-122.3795166015625
1173,1260.7819,-87.7818603515625
1557,1356.3754,200.6246337890625
1149,1328.0007,-179.000732421875
1521,1282.394,238.60595703125
1802,1695.2144,106.78564453125
1754,1628.0884,125.91162109375
1346,1399.8685,-53.8685302734375
1422,1349.8442,72.15576171875
1179,1392.9781,-213.9781494140625
1051,1356.9408,-305.9407958984375
1328,1307.104,20.89599609375
1801,1517.6488,283.3511962890625
1712,1548.0614,163.9385986328125
1176,1314.6761,-138.6761474609375
1384,1324.1609,59.839111328125
960,1314.9838,-354.9837646484375
1524,1217.702,306.2979736328125
1341,1391.587,-50.5870361328125
1517,1503.4417,13.558349609375
1763,1547.2501,215.7498779296875
1319,1339.7292,-20.729248046875
1506,1325.6139,180.3861083984375
1387,1340.017,46.9830322265625
1164,1371.3605,-207.3604736328125
1448,1387.923,60.0770263671875
1513,1703.2806,-190.2806396484375
1627,1478.029,148.970947265625
1288,1341.9526,-53.95263671875
1592,1439.47,152.530029296875
1582,1387.6549,194.3450927734375
1357,1423.9923,-66.9923095703125
1289,1401.9377,-112.937744140625
1554,1771.937,-217.93701171875
1682,1652.864,29.135986328125
1109,1372.2216,-263.2215576171875
1273,1330.0018,-57.0018310546875
1171,1266.2938,-95.2938232421875
1358,1294.9117,63.0882568359375
973,1278.8003,-305.80029296875
1463,1479.2202,-16.22021484375
1559,1407.561,151.43896484375
1144,1243.037,-99.0369873046875
1239,1216.8955,22.1044921875
1273,1243.757,29.2430419921875
1240,1237.5527,2.447265625
1481,1178.5563,302.4437255859375
1584,1576.3895,7.6104736328125
1798,1583.2052,214.7947998046875
1325,1387.2134,-62.21337890625
1544,1368.6107,175.3892822265625
1340,1423.6979,-83.6978759765625
1113,1397.0812,-284.0811767578125
1300,1342.2185,-42.218505859375
1744,1692.346,51.654052734375
1670,1604.896,65.10400390625
1595,1354.5569,240.443115234375
1415,1416.474,-1.4739990234375
1212,1363.2323,-151.2322998046875
1217,1383.9556,-166.95556640625
1361,1401.6511,-40.651123046875
1555,1688.9308,-133.9307861328125
1958,1664.6677,293.332275390625
1277,1405.7222,-128.72216796875
1334,1341.5005,-7.50048828125
1546,1351.2786,194.721435546875
1439,1427.9276,11.0723876953125
1361,1414.921,-53.9210205078125
1625,1706.7808,-81.78076171875
1486,1622.7375,-136.737548828125
1237,1378.281,-141.281005859375
1412,1384.8756,27.1243896484375
1336,1327.0854,8.91455078125
1320,1334.9377,-14.937744140625
1431,1342.4963,88.503662109375
1438,1608.1854,-170.1854248046875
1464,1523.5764,-59.576416015625
2606,1997.9773,608.022705078125
2530,2185.3025,344.697509765625
2599,2340.0415,258.95849609375
2730,2440.3296,289.67041015625
2348,2522.6191,-174.619140625
2884,2905.4854,-21.4853515625
2618,3163.1694,-545.16943359375
2604,2381.2322,222.767822265625
2445,2415.9321,29.06787109375
2704,2361.4324,342.567626953125
2370,2559.6768,-189.6767578125
2202,2214.1985,-12.198486328125
2579,2834.0781,-255.078125
2972,2954.7368,17.26318359375
2645,2326.9475,318.052490234375
2402,2367.0974,34.902587890625
2315,2333.3867,-18.38671875
2496,2217.9858,278.01416015625
2207,2230.327,-23.326904296875
2469,2888.1592,-419.1591796875
2958,2776.2246,181.775390625
2496,2215.7427,280.25732421875
2454,2272.872,181.1279296875
2012,2306.0444,-294.04443359375
2596,2300.6338,295.3662109375
2334,2372.8074,-38.807373046875
3027,2879.5369,147.463134765625
3172,2854.202,317.798095703125
2396,2507.763,-111.762939453125
2215,2302.3452,-87.34521484375
2703,2376.2996,326.700439453125
1976,2566.8384,-590.83837890625
2295,2507.519,-212.51904296875
2641,2945.2063,-304.206298828125
2942,2880.9648,61.03515625
2266,2365.7068,-99.706787109375
2433,2356.728,76.27197265625
2201,2284.2283,-83.228271484375
2490,2354.7705,135.2294921875
2402,2401.4556,0.54443359375
4715,4892.4175,-177.41748046875
5705,4962.241,742.7587890625
4220,4577.138,-357.13818359375
4275,4152.6313,122.36865234375
4808,4203.548,604.4521484375
4354,4431.063,-77.06298828125
4890,4381.932,508.06787109375
4464,4793.884,-329.8837890625
3462,3597.0227,-135.022705078125
2057,2987.7334,-930.7333984375
2177,2266.1155,-89.115478515625
2542,2241.455,300.544921875
2520,2649.735,-129.735107421875
2569,2430.1023,138.897705078125
2568,3003.042,-435.0419921875
3163,2882.071,280.928955078125
2270,2485.6057,-215.605712890625
2771,2431.02,339.97998046875
2429,2426.323,2.677001953125
2667,2458.2002,208.7998046875
2690,2542.3604,147.6396484375
2895,3094.7456,-199.74560546875
2764,3097.091,-333.091064453125
2160,2340.5051,-180.505126953125
2622,2430.828,191.172119140625
2510,2511.619,-1.618896484375
2540,2538.413,1.5869140625
2529,2578.3716,-49.37158203125
3122,3091.043,30.95703125
3128,3186.361,-58.361083984375
2240,2691.0247,-451.024658203125
2498,2461.625,36.375
2322,2417.4033,-95.4033203125
2774,2370.7327,403.267333984375
2549,2496.5916,52.408447265625
2630,3122.7078,-492.707763671875
3239,3041.1614,197.838623046875
2585,2741.6946,-156.694580078125
2450,2393.765,56.235107421875
2684,2439.3928,244.607177734375
2470,2374.662,95.337890625
2439,2382.8152,56.184814453125
2911,2945.6113,-34.611328125
2739,3027.3264,-288.326416015625
2170,2373.7856,-203.78564453125
2319,2331.2693,-12.269287109375
2055,2123.3333,-68.333251953125
2459,2271.714,187.285888671875
2611,2337.7898,273.210205078125
2894,2908.7695,-14.76953125
2796,2767.7046,28.29541015625
2423,2277.7017,145.29833984375
4594,3801.9119,792.088134765625
4258,3922.1409,335.859130859375
4074,3993.9663,80.03369140625
4291,3919.065,371.93505859375
4360,4634.1143,-274.1142578125
4984,5003.9824,-19.982421875
3504,4088.8857,-584.8857421875
3954,3724.5774,229.422607421875
3648,3804.671,-156.6708984375
6409,6754.992,-345.9921875
7511,6753.1,757.89990234375
7843,8256.65,-413.650390625
7668,8066.132,-398.1318359375
7558,6458.253,1099.7470703125
8114,7088.6123,1025.3876953125
8247,7400.868,846.1318359375
6514,7480.178,-966.17822265625
7516,5958.585,1557.4150390625
4593,6509.2676,-1916.267578125
4309,4987.997,-678.9970703125
4011,3817.634,193.365966796875
4042,4397.7764,-355.7763671875
3725,4032.7395,-307.739501953125
3790,3738.7144,51.28564453125
3756,3479.12,276.8798828125
4209,4583.1426,-374.142578125
4622,4490.249,131.7509765625
4011,3851.2427,159.75732421875
4199,3823.0908,375.9091796875
3800,3681.2986,118.701416015625
3815,3835.7063,-20.706298828125
905,801.1671,103.8328857421875
766,798.05865,-32.05865478515625
807,799.01056,7.98944091796875
1093,1026.2955,66.7044677734375
828,1033.0836,-205.0836181640625
668,807.8124,-139.8123779296875
697,792.764,-95.76397705078125
654,752.51154,-98.51153564453125
687,770.9197,-83.919677734375
716,763.99805,-47.998046875
1946,1464.2141,481.785888671875
1676,1655.7225,20.2774658203125
1537,1227.181,309.8189697265625
1380,1351.5221,28.4779052734375
1373,1332.2787,40.7213134765625
1161,1380.0782,-219.0782470703125
1239,1457.5914,-218.5914306640625
1551,1598.1816,-47.181640625
1455,1696.7396,-241.7396240234375
1219,1309.2302,-90.230224609375
1399,1314.6024,84.3975830078125
1237,1295.2585,-58.258544921875
1263,1288.4661,-25.466064453125
1460,1303.6912,156.308837890625
1485,1548.1602,-63.16015625
1936,1675.3237,260.67626953125
1429,1563.8184,-134.818359375
1444,1454.325,-10.324951171875
1656,1451.1382,204.86181640625
1249,1569.8285,-320.8284912109375
1232,1457.314,-225.31396484375
1818,1716.945,101.0550537109375
1841,1662.1798,178.8201904296875
1596,1581.5112,14.48876953125
1444,1528.736,-84.7359619140625
1488,1474.4008,13.5992431640625
1153,1465.9894,-312.9893798828125
1129,1411.1316,-282.131591796875
1641,1584.5748,56.4251708984375
1505,1653.9492,-148.94921875
1155,1277.8092,-122.8092041015625
1435,1299.2141,135.785888671875
1484,1371.2804,112.7196044921875
1332,1439.248,-107.248046875
1183,1292.616,-109.615966796875
1587,1573.1838,13.816162109375
1803,1608.9066,194.0933837890625
1600,1497.3759,102.6241455078125
1348,1439.3978,-91.3978271484375
1502,1392.6396,109.3603515625
2374,2212.127,161.873046875
2437,2328.8848,108.115234375
2663,2458.6768,204.3232421875
2933,2607.8484,325.151611328125
2179,2165.1406,13.859375
2628,2174.8508,453.149169921875
2688,2461.985,226.014892578125
2471,2323.4175,147.58251953125
1397,2022.3523,-625.352294921875
1640,1837.6587,-197.65869140625
1575,2105.4097,-530.40966796875
1288,1715.61,-427.6099853515625
1577,1478.1069,98.89306640625
1364,1567.7872,-203.7872314453125
1370,1339.9619,30.0380859375
1355,1436.7958,-81.7957763671875
1720,1681.7172,38.2828369140625
1795,1745.0598,49.940185546875
1475,1584.3943,-109.394287109375
1302,1441.6677,-139.667724609375
1290,1424.1041,-134.1041259765625
1384,1427.3307,-43.3306884765625
1347,1542.0242,-195.024169921875
1831,1757.5045,73.4954833984375
1835,1845.6365,-10.636474609375
1460,1486.3431,-26.3431396484375
1542,1509.5479,32.4521484375
1339,1521.5134,-182.513427734375
1320,1411.1213,-91.121337890625
1245,1471.57,-226.5699462890625
1821,1746.9155,74.08447265625
1531,1794.36,-263.3599853515625
1202,1470.557,-268.5570068359375
1364,1320.6884,43.3116455078125
1526,1406.2848,119.7152099609375
1260,1421.5231,-161.5230712890625
1377,1384.2188,-7.21875
1513,1571.281,-58.281005859375
1721,1578.656,142.343994140625
1216,1464.0846,-248.0845947265625
1453,1359.7004,93.299560546875
1277,1327.3861,-50.3861083984375
1215,1285.3292,-70.3292236328125
1269,1290.4598,-21.4598388671875
1933,1698.6437,234.3563232421875
1603,1664.304,-61.303955078125
1479,1357.7238,121.2762451171875
1335,1384.7263,-49.726318359375
1535,1478.066,56.9339599609375
1353,1494.5549,-141.554931640625
1255,1416.185,-161.18505859375
1469,1620.7277,-151.7276611328125
2845,2140.5151,704.48486328125
2212,2040.6559,171.3441162109375
1980,2118.271,-138.27099609375
2112,1971.9364,140.0635986328125
2310,2041.7211,268.2789306640625
2342,2370.517,-28.51708984375
2935,2636.021,298.97900390625
2348,2849.5515,-501.551513671875
2129,2305.1487,-176.148681640625
4638,4060.2485,577.75146484375
3805,3790.3967,14.603271484375
3573,4101.3765,-528.37646484375
3602,4242.6265,-640.62646484375
5363,4229.6675,1133.33251953125
4389,4917.177,-528.1767578125
4098,3997.402,100.597900390625
4045,3563.8958,481.104248046875
3706,3118.217,587.782958984375
2501,3103.519,-602.51904296875
2214,2406.448,-192.447998046875
2962,2581.9248,380.0751953125
2727,3216.381,-489.381103515625
2557,2419.0984,137.901611328125
2077,2261.4937,-184.49365234375
2136,2102.5647,33.435302734375
2406,2267.499,138.5009765625
2460,2417.6511,42.348876953125
3286,2907.4824,378.517578125
3124,3016.4878,107.51220703125
2403,2459.377,-56.376953125
2285,2757.3962,-472.396240234375
2257,2756.0813,-499.081298828125
2561,2647.0461,-86.046142578125
2616,2742.8472,-126.84716796875
2429,3026.969,-597.968994140625
2565,2925.572,-360.572021484375
2412,2483.748,-71.748046875
2602,2394.559,207.44091796875
2187,2518.506,-331.506103515625
2037,2296.1821,-259.18212890625
8823,8354.451,468.548828125
12597,9515.717,3081.283203125
12368,10353.943,2014.056640625
8511,9221.909,-710.9091796875
9761,8749.351,1011.6494140625
10287,9183.918,1103.08203125
9456,9386.718,69.2822265625
9566,10123.807,-557.806640625
12611,10279.06,2331.9404296875
9795,10814.711,-1019.7109375
10527,8994.487,1532.5126953125
9390,7470.3447,1919.6552734375
9757,8452.885,1304.115234375
2661,5211.4473,-2550.447265625
2302,3445.712,-1143.7119140625
2745,3068.5073,-323.50732421875
2932,3761.3777,-829.377685546875
2228,3183.5422,-955.542236328125
2326,2216.5994,109.400634765625
2439,2327.5725,111.427490234375
2198,2382.5657,-184.565673828125
2040,2546.2244,-506.224365234375
2676,2959.427,-283.427001953125
2577,2822.5984,-245.598388671875
2115,2259.4324,-144.432373046875
2098,2157.2493,-59.249267578125
2643,2271.5083,371.49169921875
2071,2193.113,-122.113037109375
2297,2220.8684,76.131591796875
3026,2875.52,150.47998046875
2963,2951.8296,11.17041015625
2227,2378.4622,-151.462158203125
2214,2254.422,-40.422119140625
2353,2493.332,-140.33203125
2420,2259.4922,160.5078125
2358,2345.9792,12.020751953125
2607,3095.3335,-488.33349609375
3031,2968.8896,62.1103515625
2663,2326.1409,336.859130859375
2139,2309.0886,-170.088623046875
2084,2322.4011,-238.401123046875
2624,2360.5505,263.449462890625
2096,2265.2524,-169.25244140625
3203,2766.8835,436.116455078125
2449,2992.3677,-543.36767578125
2604,2125.1284,478.87158203125
2156,2338.462,-182.4619140625
2182,2287.2327,-105.232666015625
2422,2231.9724,190.027587890625
2489,2332.93,156.070068359375
2555,2727.6572,-172.6572265625
2427,2643.0627,-216.062744140625
2397,2412.853,-15.85302734375
2402,2333.996,68.00390625
2522,2261.2988,260.701171875
2049,2406.846,-357.845947265625
2413,2377.5144,35.485595703125
2527,2660.9377,-133.937744140625
2997,2794.9097,202.09033203125
2178,2252.1091,-74.109130859375
2179,2241.1409,-62.140869140625
2422,2228.7095,193.29052734375
2293,2273.4912,19.5087890625
2668,2287.9348,380.065185546875
2706,2911.8088,-205.808837890625
2394,2832.9565,-438.95654296875
2702,2369.5977,332.40234375
2272,2396.2417,-124.24169921875
2256,2277.6313,-21.63134765625
2506,2288.5767,217.42333984375
2692,2204.0408,487.959228515625
2558,2755.6711,-197.671142578125
3135,2873.6292,261.370849609375
2433,2328.7502,104.249755859375
2106,2309.96,-203.9599609375
2568,2325.2844,242.715576171875
2718,2432.8337,285.166259765625
2420,2369.0989,50.901123046875
3138,2763.701,374.299072265625
2523,2985.0518,-462.0517578125
2081,2388.5354,-307.535400390625
2586,2389.849,196.15087890625
2309,2366.8467,-57.8466796875
2159,2438.468,-279.468017578125
2401,2391.4211,9.578857421875
2970,2935.7485,34.25146484375
2741,3019.397,-278.39697265625
2011,2346.6077,-335.607666015625
2189,2315.3535,-126.353515625
2564,2176.687,387.31298828125
2486,2368.6238,117.376220703125
2312,2348.2788,-36.27880859375
2698,2875.7031,-177.703125
3046,2981.5051,64.494873046875
2250,2458.6245,-208.62451171875
2076,2373.164,-297.1640625
2632,2424.358,207.64208984375
2256,2517.6218,-261.621826171875
2022,2440.2434,-418.243408203125
2778,2794.8455,-16.845458984375
2571,2644.9329,-73.932861328125
2348,2262.634,85.365966796875
2267,2250.5642,16.435791015625
2477,2183.1396,293.8603515625
2236,2157.597,78.403076171875
2437,2307.8906,129.109375
2572,2649.852,-77.85205078125
2815,2894.7305,-79.73046875
2554,2326.0999,227.900146484375
2397,2269.8315,127.16845703125
2243,2214.957,28.04296875
2323,2299.1008,23.899169921875
2390,2528.7747,-138.774658203125
2762,3037.205,-275.205078125
2980,3013.6748,-33.6748046875
2322,2493.073,-171.072998046875
2268,2368.3723,-100.372314453125
2416,2295.5798,120.420166015625
2491,2356.335,134.6650390625
2428,2356.2837,71.71630859375
2891,2947.0825,-56.08251953125
4555,4872.405,-317.40478515625
4185,4242.8984,-57.8984375
4297,4219.3994,77.6005859375
3922,3917.1965,4.803466796875
3860,3909.3508,-49.350830078125
3919,4010.6252,-91.625244140625
5107,4608.679,498.32080078125
5631,4457.458,1173.5419921875
2438,3543.5183,-1105.518310546875
2421,2509.1934,-88.193359375
2047,2312.2603,-265.26025390625
2566,2242.3208,323.67919921875
2105,2804.4768,-699.476806640625
2665,2867.8455,-202.845458984375
2698,2839.4248,-141.4248046875
2545,2340.9023,204.09765625
2385,2358.0051,26.994873046875
2423,2287.082,135.91796875
2290,2374.2903,-84.290283203125
2191,2293.5945,-102.594482421875
2562,2869.7476,-307.74755859375
2737,3081.915,-344.9150390625
766,1466.015,-700.0150146484375
914,962.9767,-48.9766845703125
827,894.93,-67.92999267578125
764,721.5304,42.4696044921875
891,666.6696,224.33038330078125
816,1099.245,-283.2449951171875
974,904.1329,69.86712646484375
815,854.8923,-39.89227294921875
903,793.0383,109.961669921875
780,823.08057,-43.08056640625
831,772.90826,58.09173583984375
727,806.7465,-79.74652099609375
863,988.24615,-125.24615478515625
866,986.4004,-120.400390625
773,793.293,-20.29302978515625
804,764.8682,39.13177490234375
736,756.74634,-20.746337890625
611,767.97034,-156.9703369140625
927,763.7494,163.2506103515625
1069,1023.7978,45.20220947265625
955,969.6639,-14.66387939453125
826,834.7694,-8.7694091796875
678,828.43225,-150.4322509765625
731,755.4141,-24.41412353515625
822,785.8878,36.1121826171875
861,823.33594,37.6640625
1113,1014.21484,98.78515625
1074,961.44147,112.55853271484375
756,851.0102,-95.01019287109375
671,804.84937,-133.849365234375
818,795.58594,22.4140625
808,792.5187,15.4813232421875
634,808.7488,-174.748779296875
972,1000.03326,-28.03326416015625
900,957.88385,-57.88385009765625
707,748.5118,-41.51177978515625
833,755.5049,77.4951171875
732,750.53784,-18.537841796875
747,747.13824,-0.13824462890625
804,762.5526,41.4473876953125
984,951.5589,32.44110107421875
877,948.0589,-71.05889892578125
873,817.88855,55.1114501953125
851,792.45166,58.54833984375
696,791.14136,-95.141357421875
971,791.19934,179.8006591796875
907,849.74384,57.25616455078125
1080,1006.2773,73.72271728515625
1045,1028.9897,16.01025390625
691,838.5386,-147.53857421875
906,809.0772,96.92279052734375
597,784.1622,-187.16217041015625
784,797.23236,-13.23236083984375
619,788.55365,-169.55364990234375
857,903.7788,-46.77880859375
1132,875.472,256.52801513671875
1029,897.6476,131.3524169921875
766,848.9278,-82.92779541015625
894,797.06647,96.93353271484375
900,812.8544,87.1456298828125
780,844.4656,-64.465576171875
1011,1005.7614,5.23858642578125
1046,1024.6102,21.3897705078125
887,840.60455,46.39544677734375
751,842.04,-91.03997802734375
897,795.1867,101.81329345703125
667,833.09076,-166.09075927734375
841,819.64874,21.35125732421875
908,943.8767,-35.876708984375
864,996.0338,-132.0338134765625
757,759.0521,-2.0521240234375
946,774.57294,171.42706298828125
690,772.45953,-82.45953369140625
939,786.1322,152.8677978515625
726,817.40466,-91.4046630859375
855,967.8837,-112.88372802734375
875,938.93286,-63.932861328125
833,794.0093,38.99072265625
739,772.87244,-33.8724365234375
894,786.04663,107.953369140625
741,787.4638,-46.46380615234375
661,757.3894,-96.389404296875
1005,954.7678,50.232177734375
989,1002.18805,-13.18804931640625
915,855.2255,59.77447509765625
779,820.42084,-41.42083740234375
856,802.18866,53.81134033203125
712,795.6497,-83.64971923828125
692,805.1922,-113.19219970703125
1046,999.6197,46.38031005859375
825,1015.1506,-190.15057373046875
1301,1195.9486,105.0513916015625
1655,1239.0178,415.982177734375
1542,1355.1982,186.8017578125
1494,1313.1466,180.8533935546875
1495,1414.4991,80.5008544921875
1937,1816.1262,120.873779296875
1650,2083.8647,-433.86474609375
1446,1522.753,-76.7530517578125
1453,1598.4453,-145.4453125
1727,1484.9912,242.0087890625
1641,1653.4762,-12.4761962890625
1732,1631.5441,100.4559326171875
1481,1999.1302,-518.1302490234375
1616,1829.8317,-213.8316650390625
1467,1503.8757,-36.875732421875
1290,1508.3783,-218.3782958984375
1440,1496.8018,-56.8017578125
1666,1530.6364,135.3636474609375
1549,1569.7802,-20.7801513671875
1693,1830.1367,-137.13671875
1860,1714.6523,145.34765625
1568,1586.1517,-18.1517333984375
1255,1557.4521,-302.4521484375
1421,1443.9104,-22.910400390625
1373,1464.4124,-91.412353515625
1377,1406.2438,-29.2437744140625
1618,1699.6732,-81.6732177734375
1827,1633.9851,193.014892578125
1295,1490.9684,-195.9683837890625
1444,1383.3815,60.6185302734375
1330,1454.9432,-124.9432373046875
1261,1534.0973,-273.0972900390625
1523,1504.6956,18.304443359375
1606,1657.3662,-51.3662109375
1603,1699.8507,-96.8507080078125
1415,1359.9011,55.098876953125
1640,1426.9491,213.0509033203125
1584,1555.4644,28.53564453125
1394,1543.2509,-149.2508544921875
1509,1532.8124,-23.8123779296875
3242,2433.434,808.56591796875
3546,2844.8335,701.16650390625
2977,3120.5676,-143.567626953125
2301,2404.177,-103.177001953125
2739,2298.408,440.592041015625
2499,2514.8875,-15.887451171875
2562,2659.875,-97.875
2719,3078.876,-359.8759765625
1440,2507.727,-1067.72705078125
1597,1591.17,5.8299560546875
1689,1942.6902,-253.690185546875
1331,1758.3395,-427.3394775390625
1638,1475.7252,162.2747802734375
1586,1575.6489,10.35107421875
1644,1737.5787,-93.5787353515625
1616,1839.5813,-223.581298828125
1412,1486.1754,-74.1754150390625
1285,1489.8453,-204.8453369140625
1538,1486.2954,51.70458984375
1533,1514.4338,18.566162109375
1472,1496.5872,-24.587158203125
1913,1760.9843,152.0157470703125
1763,2015.9403,-252.9403076171875
1289,1654.4634,-365.46337890625
1345,1485.5626,-140.5626220703125
1724,1448.9465,275.053466796875
1300,1614.8124,-314.8123779296875
1580,1496.89,83.1099853515625
1747,1802.8529,-55.8529052734375
1506,1779.3488,-273.3487548828125
1668,1487.1183,180.8817138671875
1405,1574.4481,-169.4481201171875
1296,1454.7479,-158.7479248046875
1335,1445.8208,-110.82080078125
1432,1397.1272,34.872802734375
1570,1800.1045,-230.1044921875
1776,1701.6802,74.31982421875
1573,1554.8804,18.11962890625
1618,1477.779,140.220947265625
1368,1517.8586,-149.858642578125
1357,1474.9739,-117.973876953125
1362,1445.1239,-83.1239013671875
1921,1782.9362,138.0638427734375
1468,1712.0782,-244.0782470703125
1564,1378.4476,185.5523681640625
1342,1491.1378,-149.1378173828125
1557,1453.9519,103.048095703125
1542,1555.9017,-13.9017333984375
1607,1580.0403,26.959716796875
1580,1658.5532,-78.55322265625
1576,1795.5553,-219.5552978515625
1546,1485.9626,60.037353515625
2531,2038.199,492.801025390625
2022,2213.7393,-191.7392578125
2647,1982.4592,664.540771484375
2461,2091.284,369.716064453125
2951,2603.8096,347.1904296875
3163,3067.7056,95.29443359375
2270,2587.4817,-317.481689453125
2451,2508.4453,-57.4453125
2059,2546.0825,-487.08251953125
3838,4397.5356,-559.53564453125
4764,4243.3594,520.640625
4745,4966.413,-221.4130859375
5657,5757.3267,-100.32666015625
3769,4273.6914,-504.69140625
3867,3834.601,32.39892578125
4149,3954.7476,194.25244140625
4131,3890.1833,240.816650390625
4264,3338.1282,925.871826171875
2758,4028.8193,-1270.8193359375
3286,3336.9778,-50.977783203125
2352,2702.639,-350.638916015625
2754,2305.2546,448.745361328125
2599,2558.9414,40.05859375
2531,2653.2708,-122.270751953125
2784,2428.2898,355.710205078125
2441,3087.9216,-646.921630859375
3177,2897.1895,279.810546875
2631,2663.724,-32.72412109375
2351,2597.9763,-246.976318359375
2564,2382.453,181.547119140625
2667,2524.2573,142.74267578125
1564,1540.7374,23.2625732421875
1871,1565.7117,305.288330078125
1706,1665.4229,40.5771484375
2073,2095.0132,-22.01318359375
2146,1957.9071,188.0928955078125
1676,1575.5664,100.43359375
1733,1689.3215,43.678466796875
1268,1662.3833,-394.38330078125
1737,1527.8373,209.1627197265625
1582,1664.3112,-82.3111572265625
4050,2779.808,1270.19189453125
3085,3253.5833,-168.583251953125
2439,2493.203,-54.202880859375
2692,2529.3398,162.66015625
2608,2796.5603,-188.560302734375
2536,2805.3296,-269.32958984375
2750,2826.1108,-76.11083984375
3045,3046.1936,-1.193603515625
3993,3163.0383,829.961669921875
2755,2966.6924,-211.6923828125
2612,2733.5105,-121.510498046875
3327,2859.1743,467.82568359375
2805,3049.1,-244.10009765625
3026,2938.7292,87.270751953125
3906,3772.3708,133.629150390625
3169,3653.7026,-484.70263671875
2570,2883.2793,-313.279296875
3080,2791.8252,288.1748046875
2714,2570.5005,143.49951171875
3292,2647.5066,644.493408203125
2406,2735.4385,-329.4384765625
3829,3155.8599,673.14013671875
3323,3484.624,-161.6240234375
2562,2821.7263,-259.726318359375
2964,2781.1643,182.835693359375
2619,2763.3909,-144.390869140625
3000,2697.5593,302.440673828125
2400,2911.4607,-511.460693359375
3239,3140.7175,98.282470703125
2856,3090.943,-234.943115234375
3250,2657.626,592.3740234375
2900,2895.1006,4.8994140625
2695,2728.4978,-33.497802734375
3198,2821.8247,376.17529296875
3311,3039.5833,271.416748046875
2864,3374.4038,-510.40380859375
3283,3116.0183,166.981689453125
2610,2748.0183,-138.018310546875
2601,2802.374,-201.3740234375
2894,2702.339,191.660888671875
5861,4902.068,958.93212890625
5114,5185.9644,-71.96435546875
7055,6123.915,931.0849609375
6685,6327.719,357.28076171875
6053,5222.6133,830.38671875
5310,5337.469,-27.46923828125
5559,5689.912,-130.912109375
4899,5267.365,-368.365234375
2776,3896.8936,-1120.8935546875
3237,3423.8762,-186.876220703125
3615,3729.2815,-114.281494140625
3088,3003.6023,84.397705078125
2672,3091.6199,-419.619873046875
2870,2909.086,-39.0859375
2586,2723.2717,-137.271728515625
3023,2956.2046,66.79541015625
3339,3267.6772,71.32275390625
3051,3259.2651,-208.26513671875
3249,2900.53,348.469970703125
2622,2834.5867,-212.586669921875
2677,2907.4524,-230.452392578125
3014,2905.0034,108.99658203125
3200,2934.616,265.384033203125
3071,3358.7776,-287.777587890625
2915,3456.007,-541.007080078125
2806,2897.997,-91.9970703125
3239,2937.095,301.905029296875
2411,2892.5312,-481.53125
3055,2795.827,259.173095703125
2767,2715.5059,51.494140625
3628,3230.6143,397.3857421875
3597,3502.4011,94.598876953125
2915,2709.3374,205.66259765625
3156,2888.646,267.35400390625
2703,2817.1409,-114.140869140625
3213,2935.7996,277.200439453125
3377,3114.273,262.72705078125
3856,3693.8274,162.172607421875
3685,3752.9333,-67.933349609375
2926,3064.1177,-138.11767578125
2442,2878.5723,-436.572265625
3319,2873.858,445.14208984375
3173,2972.8877,200.1123046875
2556,3040.8525,-484.8525390625
3469,3448.7036,20.29638671875
3351,3358.7273,-7.727294921875
2580,2903.8796,-323.879638671875
2741,2773.6965,-32.696533203125
2788,2729.6628,58.337158203125
2495,2698.1396,-203.1396484375
2709,2741.7021,-32.7021484375
3138,3221.4004,-83.400390625
5102,4061.3037,1040.6962890625
5427,4328.1724,1098.82763671875
5303,4480.33,822.669921875
4545,4313.2046,231.79541015625
4470,4391.9277,78.072265625
5304,4648.5327,655.46728515625
5948,6163.036,-215.0361328125
6191,6236.849,-45.84912109375
5521,5093.312,427.68798828125
9610,9112.649,497.3505859375
9425,8955.617,469.3828125
8893,8820.866,72.1337890625
9603,9367.528,235.4716796875
9359,10804.435,-1445.4345703125
10574,10577.488,-3.48828125
9491,9550.508,-59.5078125
9285,9329.456,-44.4560546875
9329,8856.958,472.0419921875
4781,6825.347,-2044.34716796875
4649,5358.5146,-709.5146484375
5595,5898.194,-303.19384765625
5780,5367.9277,412.072265625
4286,4855.167,-569.1669921875
4250,4627.624,-377.6240234375
5577,4412.2817,1164.71826171875
5124,4836.6704,287.32958984375
4180,4617.4478,-437.44775390625
6124,5501.3853,622.61474609375
5989,5842.3413,146.65869140625
4601,4716.9717,-115.9716796875
4940,4893.2036,46.79638671875
4105,4863.701,-758.701171875
5695,5008.175,686.8251953125
4726,5015.8506,-289.8505859375
5234,5867.315,-633.31494140625
6034,5876.835,157.1650390625
4621,4870.4854,-249.4853515625
4679,4899.3677,-220.36767578125
5398,5068.182,329.81787109375
5299,4629.749,669.2509765625
4379,4982.745,-603.7451171875
5546,5809.0166,-263.0166015625
5953,5823.9263,129.07373046875
4681,4799.9014,-118.9013671875
5121,5075.414,45.5859375
4939,4781.0273,157.97265625
5533,4820.0586,712.94140625
5419,4867.8457,551.154296875
5846,6104.857,-258.85693359375
5511,5964.8447,-453.8447265625
4034,4790.3296,-756.32958984375
4815,4831.819,-16.81884765625
5499,4772.165,726.8349609375
4266,4815.875,-549.875
4781,4768.9785,12.021484375
5109,5509.294,-400.2939453125
5038,5448.5986,-410.5986328125
5562,4762.0913,799.90869140625
4575,4641.0566,-66.056640625
4100,4513.8203,-413.8203125
4008,4474.162,-466.162109375
4328,4695.9175,-367.91748046875
5204,5652.23,-448.22998046875
5075,5151.571,-76.57080078125
4207,4059.4744,147.525634765625
4214,4365.421,-151.4208984375
4413,4274.5166,138.4833984375
4680,4444.8696,235.13037109375
4191,4507.007,-316.0068359375
6531,5452.1255,1078.87451171875
5578,5993.163,-415.1630859375
4549,4589.985,-40.98486328125
4557,4525.3374,31.66259765625
4640,4536.2305,103.76953125
4512,4802.3643,-290.3642578125
4593,4856.62,-263.6201171875
6116,5235.0615,880.9384765625
5727,5487.6704,239.32958984375
4340,4729.1636,-389.16357421875
4329,4693.9814,-364.9814453125
4281,4736.235,-455.23486328125
4730,4747.38,-17.3798828125
4628,4723.411,-95.4111328125
6357,5450.7925,906.20751953125
5589,5544.428,44.57177734375
4258,4626.6562,-368.65625
5279,4745.783,533.216796875
5037,4880.8076,156.1923828125
5239,4937.568,301.43212890625
5092,5013.288,78.7119140625
5629,5837.2334,-208.2333984375
6281,5986.2734,294.7265625
4599,4915.5586,-316.55859375
4406,4916.026,-510.02587890625
4529,4726.7065,-197.70654296875
5202,4598.7925,603.20751953125
4861,4467.8545,393.1455078125
6106,5554.133,551.8671875
5482,5892.773,-410.77294921875
4629,4771.7686,-142.7685546875
4725,4684.8657,40.13427734375
4360,4825.1167,-465.11669921875
5042,4757.179,284.82080078125
4643,4879.817,-236.81689453125
6315,5756.565,558.43505859375
5408,5600.1396,-192.1396484375
4808,4789.6025,18.3974609375
5661,4941.846,719.15380859375
5138,4972.6533,165.3466796875
4701,4739.167,-38.1669921875
5482,4931.5376,550.46240234375
5494,5752.2627,-258.2626953125
6545,5687.726,857.27392578125
4447,4941.717,-494.716796875
4642,4589.7886,52.21142578125
5059,4809.49,249.509765625
4295,4867.641,-572.64111328125
5130,4796.5166,333.4833984375
5383,5826.395,-443.39501953125
5735,5628.891,106.10888671875
5481,4849.06,631.93994140625
4202,4719.4604,-517.46044921875
5228,4626.336,601.6640625
5523,4661.426,861.57421875
3973,4691.7393,-718.7392578125
6005,5681.5923,323.40771484375
5995,5782.663,212.3369140625
5078,4847.6924,230.3076171875
4579,4866.942,-287.94189453125
4289,4604.763,-315.76318359375
5636,4613.3555,1022.64453125
4257,4834.1855,-577.185546875
6593,5884.4824,708.517578125
6299,6263.864,35.13623046875
5506,4912.628,593.3720703125
5883,5137.3696,745.63037109375
4491,5315.966,-824.9658203125
4211,4723.028,-512.02783203125
5306,4915.0093,390.99072265625
5851,6125.864,-274.86376953125
6295,5910.3726,384.62744140625
4786,4824.3965,-38.396484375
5705,4679.893,1025.10693359375
4874,4786.714,87.2861328125
5450,5091.173,358.8271484375
5142,4939.515,202.48486328125
5692,6065.82,-373.81982421875
6499,5945.274,553.72607421875
4233,5103.8955,-870.8955078125
4930,4536.6514,393.3486328125
5029,4827.76,201.240234375
4645,4883.624,-238.6240234375
4878,5035.991,-157.9912109375
5948,5940.6978,7.30224609375
6021,5436.9937,584.00634765625
4516,4797.1895,-281.189453125
4956,4868.7783,87.2216796875
4448,4810.2295,-362.2294921875
5306,4915.1797,390.8203125
5046,4883.882,162.1181640625
5711,5900.2817,-189.28173828125
11490,9267.729,2222.271484375
8132,8909.264,-777.263671875
8381,8669.213,-288.212890625
9338,8978.077,359.9228515625
8233,9047.968,-814.9677734375
8297,8524.79,-227.7900390625
11117,9836.458,1280.5419921875
11560,10026.536,1533.4638671875
7749,7671.348,77.65185546875
4743,5312.3457,-569.345703125
5066,5043.1304,22.86962890625
5614,5058.123,555.876953125
4018,4929.3784,-911.37841796875
6634,5485.3447,1148.6552734375
5973,6040.136,-67.13623046875
4630,4700.5996,-70.599609375
4750,4622.397,127.60302734375
5595,4897.503,697.4970703125
5020,4322.2383,697.76171875
4888,4931.7573,-43.75732421875
5926,5649.274,276.72607421875
5778,5776.249,1.7509765625
1327,2181.5107,-854.5107421875
1496,1369.0891,126.910888671875
1662,1503.8033,158.1966552734375
1586,1504.7979,81.2021484375
1210,1567.8885,-357.8885498046875
1829,1669.8893,159.1107177734375
1880,1866.0327,13.96728515625
1849,1560.7633,288.2366943359375
1713,1530.4795,182.5205078125
1432,1551.8645,-119.864501953125
1481,1521.3949,-40.3948974609375
1774,1489.8434,284.1566162109375
1722,1972.7617,-250.76171875
1960,2006.7599,-46.7598876953125
1765,1480.9901,284.0098876953125
1739,1562.7208,176.2791748046875
1395,1561.1057,-166.105712890625
1812,1567.5566,244.443359375
1558,1546.0067,11.9932861328125
1925,2004.4619,-79.4619140625
2197,1977.0284,219.9715576171875
1543,1566.9391,-23.9390869140625
1562,1497.7318,64.2681884765625
1595,1589.7615,5.238525390625
1797,1541.1978,255.80224609375
1526,1608.2252,-82.2252197265625
2145,2049.1238,95.876220703125
2255,1978.0929,276.9071044921875
1839,1608.1317,230.8682861328125
1705,1586.9946,118.00537109375
1658,1608.991,49.009033203125
1744,1675.9454,68.0545654296875
1721,1785.227,-64.22705078125
1753,2126.2993,-373.29931640625
2016,1981.8257,34.17431640625
1556,1563.0306,-7.0306396484375
1739,1562.6537,176.3463134765625
1619,1554.1024,64.8975830078125
1426,1540.5511,-114.5511474609375
1584,1524.1348,59.865234375
1941,1982.9167,-41.916748046875
2010,1976.1135,33.886474609375
1863,1641.6576,221.3424072265625
1412,1572.8654,-160.8653564453125
1487,1552.2328,-65.2327880859375
1554,1562.6171,-8.6170654296875
1500,1542.5552,-42.55517578125
1901,1964.536,-63.5360107421875
1687,1917.79,-230.7900390625
1616,1425.9557,190.0443115234375
1596,1525.8868,70.1131591796875
1371,1469.8324,-98.8323974609375
1479,1467.904,11.095947265625
1689,1525.8939,163.1060791015625
1807,1916.5903,-109.59033203125
1730,1904.9729,-174.972900390625
1465,1462.7733,2.2266845703125
1807,1506.1536,300.846435546875
1468,1568.7975,-100.7974853515625
1677,1570.8301,106.169921875
1986,1636.7576,349.242431640625
2315,1853.861,461.1390380859375
1750,2044.5371,-294.537109375
1684,1708.1777,-24.177734375
1889,1626.8304,262.1695556640625
1523,1714.6967,-191.6966552734375
1543,1681.1943,-138.1943359375
1631,1663.5759,-32.575927734375
2164,2084.2034,79.796630859375
1735,1993.5082,-258.5081787109375
1512,1581.6958,-69.69580078125
1641,1498.5244,142.4755859375
1510,1565.7139,-55.7138671875
1711,1555.2219,155.778076171875
1835,1606.1971,228.8028564453125
2061,1963.6537,97.3463134765625
1661,1971.8237,-310.82373046875
1883,1576.5371,306.462890625
1144,1589.2356,-445.235595703125
1603,1530.7517,72.248291015625
1780,1584.9857,195.0142822265625
1271,1562.4285,-291.428466796875
1802,1861.7633,-59.7633056640625
1498,1840.7107,-342.710693359375
1418,1395.0511,22.9488525390625
1953,1529.8842,423.1158447265625
1474,1528.0769,-54.076904296875
1726,1485.7001,240.2999267578125
1629,1589.9797,39.020263671875
1875,1995.2927,-120.292724609375
1675,1912.8073,-237.8072509765625
2877,2379.949,497.051025390625
3462,2331.8093,1130.190673828125
2860,2871.126,-11.1259765625
3263,2812.1565,450.843505859375
3299,3069.8083,229.191650390625
3624,3559.248,64.751953125
3332,3686.576,-354.575927734375
3076,2943.399,132.60107421875
2437,2826.7058,-389.705810546875
2652,2735.4534,-83.453369140625
3419,2906.188,512.81201171875
2910,3015.5164,-105.516357421875
4008,3468.143,539.85693359375
3684,3814.3667,-130.36669921875
2683,3010.8032,-327.80322265625
2771,3115.0752,-344.0751953125
3142,3015.2524,126.74755859375
3517,2609.6653,907.334716796875
2946,2745.8997,200.100341796875
3815,3156.8882,658.11181640625
3997,3513.2676,483.732421875
2645,2919.6416,-274.6416015625
2917,2918.4058,-1.40576171875
2752,2890.5356,-138.53564453125
2858,2868.7449,-10.744873046875
3069,2876.7896,192.21044921875
3188,3310.3694,-122.369384765625
3197,3141.2263,55.773681640625
3084,2879.929,204.071044921875
2870,2826.6995,43.300537109375
3075,2811.8525,263.1474609375
3219,3029.0903,189.90966796875
3585,3007.1538,577.84619140625
3320,3661.8945,-341.89453125
3947,3715.603,231.39697265625
2447,2961.5442,-514.544189453125
3389,2933.1584,455.841552734375
2860,2988.5217,-128.521728515625
2865,2925.3464,-60.346435546875
2942,2802.2932,139.706787109375
6448,5829.851,618.14892578125
7265,6370.586,894.4140625
5252,5844.8887,-592.888671875
5967,4938.198,1028.8017578125
4792,5445.5186,-653.5185546875
4641,5456.919,-815.9189453125
4654,5445.703,-791.703125
5687,5821.3433,-134.34326171875
3376,4097.36,-721.35986328125
2954,3071.7087,-117.708740234375
3282,2761.5344,520.465576171875
2923,2997.6921,-74.692138671875
3169,2947.2283,221.771728515625
3295,3002.1453,292.854736328125
3662,3494.0884,167.91162109375
3621,3549.9526,71.04736328125
3409,3170.5972,238.40283203125
3107,3079.593,27.406982421875
2939,3019.034,-80.033935546875
3367,3041.768,325.23193359375
2867,3034.1963,-167.1962890625
3130,3639.4375,-509.4375
3500,3729.0022,-229.002197265625
3083,2848.0037,234.996337890625
2996,2897.9043,98.095703125
2549,2901.8162,-352.816162109375
3369,2880.5317,488.46826171875
2829,2759.9456,69.054443359375
3226,3394.393,-168.39306640625
3896,3471.784,424.216064453125
2804,2891.0679,-87.06787109375
2828,2895.5537,-67.5537109375
3321,2927.409,393.591064453125
3354,2882.8062,471.19384765625
3045,3058.8223,-13.822265625
3161,3683.127,-522.126953125
3995,3584.5964,410.403564453125
2962,3006.9502,-44.9501953125
3006,2985.385,20.614990234375
3495,2947.1594,547.840576171875
2559,2763.3892,-204.38916015625
3303,2955.6702,347.329833984375
3904,3790.081,113.9189453125
3387,3680.3972,-293.397216796875
2823,2945.4116,-122.41162109375
3046,3044.4766,1.5234375
2708,2907.6345,-199.634521484375
2683,2931.2349,-248.23486328125
3163,2928.0073,234.99267578125
3672,3566.9514,105.048583984375
2877,3371.9028,-494.90283203125
3250,2862.2803,387.7197265625
5042,4161.009,880.9912109375
5386,4406.024,979.97607421875
5711,4661.2144,1049.78564453125
5496,4932.866,563.1337890625
6355,5818.896,536.10400390625
5080,6294.9287,-1214.9287109375
4718,5297.239,-579.23876953125
5278,5052.216,225.7841796875
5239,5091.464,147.5361328125
9575,9355.488,219.51171875
9218,9037.369,180.630859375
9473,10915.833,-1442.8330078125
9753,10412.624,-659.6240234375
8072,8576.329,-504.3291015625
8334,7915.374,418.6259765625
10067,8741.23,1325.76953125
10155,8969.986,1185.013671875
7867,8500.081,-633.0810546875
6027,7049.562,-1022.56201171875
6302,6413.09,-111.08984375
4794,4822.4536,-28.45361328125
4620,5014.834,-394.833984375
5198,4879.6553,318.3447265625
4569,4867.379,-298.37890625
4120,4361.3794,-241.37939453125
5365,5530.964,-165.9638671875
5506,5626.779,-120.77880859375
5008,4542.948,465.0517578125
5156,4618.738,537.26220703125
4574,4570.0,4.0
4770,4721.5435,48.45654296875
